slug	category	score	reason	product	image
اخرى	اخرى	80	subtree-match	سفرة نورا مقاس 120×120	/images/products/8656fb69fd85.jpg
البرجر	البرجر	185	name-match	برجر الدجاج ساديا 1كيلو	/images/products/c9b4b8388b3b.jpg
البهارات	البهارات	190	name-match	بهارات الركن اليمني بهارات المندي 200 جرام	/images/products/75e606148869.jpg
الخضروات-والفواكه	الخضروات والفواكه	90	subtree-match	طماطم صغير علبة	/images/products/61b7aea069c2.jpg
القهوة	القهوة	185	name-match	هيلز بروس قهوه امريكيه	/images/products/4651894de01c.jpg
جبنة-سائلة	جبنة سائلة	190	name-match	جبن بوك الاصلي سائل 130 جرام	/images/products/da9968392d01.jpg
حفائض-الاطفال	حفائض الاطفال	190	name-match	حفائض اطفال بكوكا رقم ثلاثه 36 قطعه وسط	/images/products/bd2ed0f3c21c.jpg
خضروات	خضروات	80	subtree-match	فلفل شقراء احمر 1 كيلو	/images/products/75006bf5f969.jpg
دجاج-مفروم	دجاج مفروم	190	name-match	دجاج مفروم انتاج 500 جرام	/images/products/33fb167fadf3.jpg
رقائق-البطاطس	رقائق البطاطس	190	name-match	نادك كراكلز رقائق بطاطس الكاتشب 155جرام	/images/products/6a4ca8bbd439.jpg
زبادي-يوناني	زبادي يوناني	190	name-match	زبادي يوناني الصافي توت مشكل 3 × 150 جرام	/images/products/ded4db7f7316.jpg
صدور-الدجاج	صدور الدجاج	190	name-match	صدور دجاج داري 2 كيلو	/images/products/8f355403b1db.jpg
صوصات-السلطة	صوصات السلطة	185	name-match	صلصة سلطة سيزر من هاينز – 400 مل	/images/products/f5a8f97b9296.jpg
علك	علك	185	name-match	علك غندور علبه بطيخ	/images/products/af316a03aa0a.jpg
عيدان-البطاطس	عيدان البطاطس	190	name-match	بطاطس عيدان اكس 53 جرام حار خفيف	/images/products/acb708376d8d.jpg
قشطة	قشطة	185	name-match	قشطة التاج بالفراولة 95 جرام	/images/products/309991fbce34.jpg
كوكيز	كوكيز	185	name-match	تيفاني كوكيز شوكولاتة 43 جرام	/images/products/16e43165bb72.jpg
لحم-مفروم	لحم مفروم	190	name-match	لحم غنم مفروم الذوق 400 جرام	/images/products/999ee2e35df7.jpg
مجمد-جاهز-للطهي	مجمد جاهز للطهي	80	subtree-match	كباب بقري نيكسو 1 كيلو	/images/products/d143be49a378.jpg
city-bakery	مخبوزات سيتي	80	subtree-match	ساندوتش تونه بابا خباز	/images/products/b231407ce8cc.jpg
مستلزمات-الجسم	مستلزمات الجسم	185	name-match	صابون هيله للجسم مسك كاندي 100 جرام	/images/products/b43d3d401503.jpg
مسحوق-غسيل-الملابس	مسحوق غسيل الملابس	195	name-match	موبي مسحوق غسيل الملابس 10 كيلو	/images/products/1cb67dec9673.jpg
معمول	معمول	185	name-match	معمول حمدان 20 حبه بالقهوه التمر	/images/products/cada59f893d8.jpg
منظفات-متعددة-الاستخدامات	منظفات متعددة الاستخدامات	195	name-match	منظف متعدد الاستخدام جيف 470 مل	/images/products/a9f03b0641ce.jpg
ورقيات	ورقيات	80	subtree-match	كزبرة 1 ربطة	/images/products/094531a9d403.jpg
العصائر	العصائر	80	subtree-match	عصير ندى ليمون مع نعناع 1.3 لتر	/images/products/b05ff7d855dd.jpg
اللحوم-والدواجن	اللحوم والدواجن	999	curated	دجاج اليوم مبرد 1400 جرام	/images/products/6af50d77e50d.jpg
بطاطس-مجمدة	بطاطس مجمدة	190	name-match	بطاطس مجمده كابري 1 كيلو	/images/products/83a98f895b7a.jpg
بقوليات-معلبة	بقوليات معلبة	185	name-match	قول خلطه المصري 450 جرام	/images/products/163ba68d51e7.jpg
جبن	جبن	185	name-match	جبنة كيري كريمة طازجة وحليب 400 جرام	/images/products/3f902ff38a76.jpg
جبنة-مكعبات	جبنة مكعبات	185	name-match	جبنه كيري شده 5 قطع	/images/products/1ef8cf49ea39.jpg
حلوى	حلوى	185	name-match	حلوى جلي كارز بورقات 10 جرام	/images/products/2787b5812f37.jpg
خبز----صامولي	خبز  - صامولي	185	name-match	خبز برجر ساده مخابز النجاح 390 جرام	/images/products/bc7e3beebff4.jpg
chilled-chicken	دجاج مبرد كامل	190	name-match	دجاج اليوم مبرد 1300 جرام	/images/products/e82f4b99c3b6.jpg
زبادي-منكه	زبادي منكه	185	name-match	زبادي اكتيفيا فطور عالماشي ١٥٠ جرام	/images/products/f460eb097cdf.jpg
سائل-غسيل-الملابس	سائل غسيل الملابس	195	name-match	سائل غسيل ملابس ملونة الوزير 1.5 لتر	/images/products/79e223293fd8.jpg
شاورما-الدجاج	شاورما الدجاج	190	name-match	شاورما دجاج رويال 500 جرام	/images/products/1c0bb562b7f3.jpg
صوصات-حلى	صوصات حلى	185	name-match	ايلو جود فرنس تكساس برجر صوص - 200 جم	/images/products/a1b96f6d2243.jpg
فحم	فحم	185	name-match	فحم طيبه 40 قرص	/images/products/eaedbbeae55f.jpg
فطائر	فطائر	185	name-match	فطائر زعتر مروج 80 جرام	/images/products/6599c2fe65e9.jpg
fresh-fruits	فواكه طازجة	80	subtree-match	تفاح أخضر صحن	/images/products/887309bb1297.jpg
مرتديلا-ونقانق	مرتديلا ونقانق	185	name-match	نقانق دجاج كواليكو 340 ج 3 حبات	/images/products/cdb238035771.jpg
مستلزمات-الشعر	مستلزمات الشعر	185	name-match	مثبت شعر اولترا هولد 90 مل	/images/products/a74d0b44081c.jpg
tissues	مناديل	185	name-match	مناديل كوفي ناعمه 8 × 600 منديل	/images/products/f90d47e4d28e.jpg
هريس-أغذية-الأطفال	هريس أغذية الأطفال	80	subtree-match	سيريلاك حليب أرز 400 جرام	/images/products/5e67db04eb8e.jpg
ارجل-الدجاج	ارجل الدجاج	190	name-match	ارجل الدجاج الوطنيه 450 جرام	/images/products/e961c3c1b18f.jpg
الالبان-والاجبان	الألبان والأجبان	140	name-match	لبن اكتيفيا كفير 280 ملي	/images/products/1fa23db27ba2.jpg
biscuits	بسكويت	185	name-match	بسكويت اني تايم مارشميلو28 جرام	/images/products/d0efcca84375.jpg
تورتيلا	تورتيلا	185	name-match	لفائف تورتيلا فونتي الحارة 250 جرام	/images/products/5cadf5e2ec36.jpg
جبن-مبشور	جبن مبشور	190	name-match	جبن موزاريلا مبشوره 1 كيلو	/images/products/b54e28c92e51.jpg
حليب-مجفف	حليب مجفف	190	name-match	حليب مجفف ابو قوس الاصلي 170 جرام	/images/products/3743221eb917.jpg
شاي-الأعشاب	شاي الأعشاب	190	name-match	شاي اعشاب كمون	/images/products/aef4b3144396.jpg
صابون-غسل-المواعين	صابون غسل المواعين	185	name-match	فيري صابون غسيل 600 مل	/images/products/81dffabe859b.jpg
صوصات-الطبخ	صوصات الطبخ	185	name-match	صوص الراقي بديل دبس الرمان 700 جرام	/images/products/5d17c66d2e39.jpg
عناية-اليدين	عناية اليدين	185	name-match	سائل غسيل اليدين سنروزا 300 مل ليلك	/images/products/31f792152624.jpg
فواكه-مجمدة	فواكه مجمدة	185	name-match	جوافه مجمده فروتيتو 1 كيلو	/images/products/d9423510723f.jpg
كاس-وعلب	كاس وعلب	80	subtree-match	مزيج توت الاساي والموز 500 جرام	/images/products/06a8abaab0b7.jpg
لحوم-طازجة	لحوم طازجة	140	name-match	لحم عجل بدون عظم 1 كيلو	/images/products/136a6d88d2e2.jpg
معجنات-مجمدة	معجنات مجمدة	80	subtree-match	فطير مشلتت سنبله 400 جرام	/images/products/bf7c73fa9383.jpg
أدوات-للمطبخ	أدوات للمطبخ	80	subtree-match	أطباق أبو سهم 50 حبة مقاس 242	/images/products/227a773ebe45.jpg
الأطعمة-المجمدة	الأطعمة المجمدة	140	name-match	امريكانا - زنجز ستربس الدجاج حار ومقرمش 320جم	/images/products/beab24f2b888.jpg
الشاي-الأسود	الشاي الأسود	195	name-match	شاي الكبوس شاي أسود فاخر 454 جرام	/images/products/87b235e45ca0.jpg
الشوكولاتة	الشوكولاتة	185	name-match	شوكولاته رنا ميرو 16 جرام	/images/products/04ca0f5cc5ef.jpg
توست	توست	185	name-match	توست هرفي ابيض 600 جرام	/images/products/ebaf5a9e9bc6.jpg
جبنة-شرائح	جبنة شرائح	185	name-match	شرائح شيدر فرسانا 170 جرام	/images/products/7b7d5e353559.jpg
حليب-منكه	حليب منكه	190	name-match	حليب منكه الكراميل المملح نادك - 225	/images/products/6c1f1c958dd3.jpg
خضروات-مجمدة	خضروات مجمدة	185	name-match	ملوخيه حياه مجمده 400 جرام	/images/products/12183fcf1bc8.jpg
زيت-الزيتون	زيت الزيتون	195	name-match	زيت زيتون خليط زيت متبقي 800 مل	/images/products/24271b277f3d.jpg
فواكه-معلبة	فواكه معلبة	80	subtree-match	خوخ انصاف اكوادور 400 جرام	/images/products/7afafeece552.jpg
مزيل-العرق	مزيل العرق	190	name-match	بخاخ مزيل عرق فوج فورنس 150 مل	/images/products/e9625bef5660.jpg
المخبوزات	المخبوزات	90	subtree-match	خبز جرجر بطاطس النجاح 402 جرام	/images/products/abfd16086a7c.jpg
المعكرونة	المعكرونة	185	name-match	معكرونه المائده 4 كيلو	/images/products/b3c531fcd1d5.jpg
حليب-مبخر	حليب مبخر	190	name-match	بوني حليب مبخر كامل الدسم 170 جرام	/images/products/c85a4d6844ea.jpg
frozen-chicken	دجاج مجمد	190	name-match	كرتون دجاج مجمد الوطنية 600 جرام 10 حبات	/images/products/917fe6756eb6.jpg
شابورة	شابورة	185	name-match	شابوره مروج كيك ناشف 300 جرام	/images/products/6fe39dd965ea.jpg
كيك	كيك	190	name-match	كيك تمر كيكنا 15 قطعه	/images/products/0da2568ccff3.jpg
مستلزمات-الوجه	مستلزمات الوجه	185	name-match	مقشر وجه اكستر اكليل الجبل 400 جرام	/images/products/767b6e6313a0.jpg
soft-drinks	مشروبات غازية	190	name-match	مشروب غازي جيمي حمضيات 240 مل	/images/products/df436bcedc7a.jpg
منعم-الاقمشة	منعم الاقمشة	190	name-match	منعم الأقمشة كومفورت برائحة ندى الربيع 4  لتر	/images/products/9d7413bb1815.jpg
المقاضي	المقاضي	999	curated	سكر الاسره 10 كجم	/images/products/35ca358d826b.jpg
بحريات-مجمد	بحريات مجمد	185	name-match	السمك فيليه امبرور مجمد 1 كيلو	/images/products/b042014ef54b.jpg
حلويات-العيد	حلويات العيد	185	name-match	اكياس توزيعات العيد	/images/products/38d8315a943e.jpg
حليب-الثلاجة	حليب الثلاجة	185	name-match	حليب الصافي طازج كامل الدسم ٨٥٠ ملي	/images/products/a01bf6c90d21.jpg
شامبو-العباية	شامبو العباية	185	name-match	شامبو العبايات العجيب 1 لتر	/images/products/ddbfb524ab99.jpg
عصير-مركز	عصير مركز	185	name-match	عصير تانج تروبيكال 2 كيلو	/images/products/c2828a2465d3.jpg
معطرات-الجو	معطرات الجو	185	name-match	معطر جو مركز فورزان 125 مل	/images/products/8edc5d11d41d.jpg
nuts	مكسرات	185	name-match	مكسرات فيرفا مشكل 250 جرام	/images/products/e3b16e89e91b.jpg
السناكات-والحلويات	السناكات والحلويات	140	name-match	ويفر كات كات 12 × 24 جرام	/images/products/4e47018e420d.jpg
الشاي-الأخضر	الشاي الأخضر	190	name-match	شاي اخضر للتنحيف 10 اظرف	/images/products/7b2aff8c4b3b.jpg
تونة	تونة	185	name-match	تونه الريان 100 ج	/images/products/8e234e211a52.jpg
سمبوسة	سمبوسة	185	name-match	سمبوسه عجينه ارياف 400 جرام	/images/products/4db7fff42d8f.jpg
كريمة-طبخ	كريمة طبخ	190	name-match	كريمه الطبخ الري 1 لتر	/images/products/6f68bd0b9159.jpg
مبيد-حشرات	مبيد حشرات	185	name-match	مبيد بوف باف 300 مل	/images/products/d868b972ac7b.jpg
مستلزمات-الاسنان	مستلزمات الاسنان	185	name-match	معجون اسنان كولجيت ازرق 100 مل	/images/products/185af6102590.jpg
المشروبات	المشروبات	135	subtree-match	مشروب ليبتون فوق ايس تي 315 ملي	/images/products/ca2763891764.jpg
حليب-مكثف	حليب مكثف	190	name-match	حليب مكثف نستله الاصلي 370 جرام	/images/products/eda5f57e8e39.jpg
خليط-كيك	خليط كيك	190	name-match	خليط كيك كوينز شوكولاته 500 جرام	/images/products/b07371c3b841.jpg
زيت-الطبخ	زيت الطبخ	190	name-match	زيت رياده للطبخ 750 جرام	/images/products/f72d0feeaee7.jpg
عناية-الاطفال	عناية الاطفال	185	name-match	شامبو للاطفال جيرسي 400 مل	/images/products/cbc1e74cd031.jpg
مشروبات-الشعير	مشروبات الشعير	190	name-match	شراب شعير بربيكان - بنكهه الشعير 330مل	/images/products/2831fc9c43cd.jpg
الأرز	الأرز	190	name-match	ارز الارز كلاسيكي 10 كيلو	/images/products/42465267eb6a.jpg
العناية-بالمنزل	العناية بالمنزل	90	subtree-match	معطر ملابس لورانس اصفر 1 لتر	/images/products/a537194f4d62.jpg
الفشار	الفشار	185	name-match	فشار البطل بنكهة الزبدة 90 جرام	/images/products/a0b85d97234c.jpg
زبادي	زبادي	185	name-match	زبادي الصافي 120 جم	/images/products/9445dad71a99.jpg
مزيل-الشعر	مزيل الشعر	190	name-match	مزيل شعر فيت سيليكون 100 مل	/images/products/0ed9e48f7e2f.jpg
مشروبات-الطاقة	مشروبات الطاقة	190	name-match	مشروب طاقه بوم بوم 250 مل	/images/products/5056cf26999d.jpg
جيلاتين	جيلاتين	80	subtree-match	جلي كنزانيا دب 140 جرام	/images/products/4df88487c869.jpg
عصائر-بدون-سكر	عصائر بدون سكر	190	name-match	عصير شراب الفواكه المشكله بدون سكر المراعي 200 ملي	/images/products/37061ed51ba1.jpg
كريمة-خفق	كريمة خفق	190	name-match	ويبي مزيج كريمة الخفق	/images/products/0659ca389344.jpg
مستلزمات-المرأة	مستلزمات المرأة	80	subtree-match	فوط نسائيه برايفت حجم كبير 26	/images/products/1c9fd21b8f56.jpg
مستلزمات-المنزل	مستلزمات المنزل	90	subtree-match	كاسات بلاستيك 200 كاس	/images/products/ed44751036b3.jpg
معجون-طماطم	معجون طماطم	190	name-match	معجون طماطم معين 1	/images/products/2f571206e9f0.jpg
العناية-الشخصية	العناية الشخصية	135	subtree-match	شامبو كلير للرجال عنايه فائقه 350 مل	/images/products/1c402e31646e.jpg
المايونيز-والخردل	المايونيز والخردل	185	name-match	مايونيز بالفلفل اوركيد 300 جرام	/images/products/f299fa1981fd.jpg
لبنة	لبنة	185	name-match	لبنه طازجه كامله الدسم نادك 200 جرام	/images/products/8ec2901dad99.jpg
مستلزمات-الحلاقة	مستلزمات الحلاقة	185	name-match	كريم حلاقه جيليت 70 جرام	/images/products/e0dd7d2b8ce0.jpg
مياه	مياه  -200مل	190	name-match	مياة عذاري 200 مل	/images/products/5ed92fa21554.jpg
حليب-طويل-الاجل	حليب طويل الاجل	185	name-match	حليب قليل الدسم في السعوديه 200 ملي	/images/products/8b607efa908a.jpg
زيتون-وورق-عنب	زيتون وورق عنب	190	name-match	ريم ورق عنب 1000 جرام	/images/products/b702388e4663.jpg
الشطة	الشطة	185	name-match	شطة جلوريا 4.7 كيلو	/images/products/c6d627db13c7.jpg
زبدة	زبدة	185	name-match	زبده لوتس 400 جرام	/images/products/5596f68e9c29.jpg
حليب-الاطفال	حليب الاطفال	185	name-match	الري حليب موز 18*125م	/images/products/87c45a5547d6.jpg
سكر-وملح	سكر وملح	185	name-match	ملح ساسا 750 جرام	/images/products/222687dbdf4b.jpg
السمن	السمن	185	name-match	سمن نباتي كريستال 700 جرام	/images/products/9bc737e5e179.jpg
معلبات-اخرى	معلبات اخرى	80	subtree-match	مخلل خيار اهداب 1300 جرام	/images/products/bdd13963abef.jpg
eggs	بيض	185	name-match	بيض طبق	/images/products/26479584549d.jpg
معلبات-قابلة-للدهن	معلبات قابلة للدهن	190	name-match	كريمة فستق قابلة للدهن 200 جرام	/images/products/80b90f81d31d.jpg
حلاوة-طحينية	حلاوة طحينية	190	name-match	حلاوة طحينية هالفة الكسيح 1 كيلو	/images/products/9e33a25d1b0d.jpg
كاتشب	كاتشب	185	name-match	كاتشب مواسم 340 جرام	/images/products/c8a8521f519d.jpg
كورن-فليكس	كورن فليكس	190	name-match	كورن فليكس كلوجز 1 كيلو	/images/products/35a9a522bdde.jpg
العسل	العسل	185	name-match	عسل طبيعي المراعي 500 جرام	/images/products/84681aeb5f63.jpg
بودرة	بودرة	185	name-match	كاكاو بودرة زينا 200 جم	/images/products/e7707921dc9a.jpg
نودلز	نودلز	185	name-match	نودلز كاربونارا بولداك رامن حار 5×130 جرام	/images/products/6b9fb4299994.jpg
ذرة	ذرة	185	name-match	ذره حلوه جلوريا 340 جرام	/images/products/637724fb9964.jpg
فطر	فطر	185	name-match	قطع فطر الريم 425 جرام	/images/products/7e8094792014.jpg
التمور	التمور	80	subtree-match	تمر نبوت 1 كيلو	/images/products/623e049b6222.jpg
المعلبات	المعلبات	80	subtree-match	طماطم مفرومة في عصير الطماطم من دل مونتي، 400 غرام	/images/products/3c090154f182.jpg
مواد-غذائية	مواد غذائية	80	subtree-match	كورن فليكس بنس 250 جرام	/images/products/2817844fa7af.jpg
